{
  "topk": {
    "val": {
      "K=10": {
        "popularity": {
          "users_evaluated": 56442,
          "precision@10": 0.0062099146026009,
          "recall@10": 0.062099146026009,
          "ndcg@10": 0.04471737988512431,
          "hit_rate@10": 0.062099146026009
        },
        "random": {
          "users_evaluated": 56442,
          "precision@10": 2.8347684348534782e-05,
          "recall@10": 0.00028347684348534777,
          "ndcg@10": 0.0001372771102659013,
          "hit_rate@10": 0.00028347684348534777
        }
      }
    },
    "test": {
      "K=10": {
        "popularity": {
          "users_evaluated": 56310,
          "precision@10": 0.006231575208666311,
          "recall@10": 0.062315752086663116,
          "ndcg@10": 0.045067060006177655,
          "hit_rate@10": 0.062315752086663116,
          "catalog_coverage": 0.0016155088852988692,
          "novelty_percentile": 0.9998297878842587
        },
        "random": {
          "users_evaluated": 56310,
          "precision@10": 3.1965903036760796e-05,
          "recall@10": 0.00031965903036760787,
          "ndcg@10": 0.00013171036656766224,
          "hit_rate@10": 0.00031965903036760787
        }
      }
    }
  },
  "rating": {
    "val": {
      "global_rmse": 1.1624330246420254,
      "global_mae": 0.9123494344722565,
      "user_rmse": 0.778387859604725,
      "user_mae": 0.40351409999898796,
      "item_rmse": 1.1179016086448992,
      "item_mae": 0.8367251887085209
    },
    "test": {
      "global_rmse": 1.165319271194635,
      "global_mae": 0.9149678645720491,
      "user_rmse": 0.7790322211437809,
      "user_mae": 0.40428706628105543,
      "item_rmse": 1.1202028957176373,
      "item_mae": 0.8378087999463208
    }
  }
}