{
  "model": "Hybrid late-fusion (z-norm)",
  "weights": {
    "w_cf": 0.0,
    "w_cbf": 1.0,
    "w_pop": 0.0
  },
  "k_top": 10,
  "threshold": 4.0,
  "val": {
    "users_evaluated": 56442,
    "precision@10": 0.0007228659508876369,
    "recall@10": 0.007228659508876368,
    "ndcg@10": 0.006019377586675506,
    "hit_rate@10": 0.007228659508876368
  },
  "test": {
    "users_evaluated": 56310,
    "precision@10": 0.0007334398863434558,
    "recall@10": 0.007334398863434559,
    "ndcg@10": 0.006103040632607691,
    "hit_rate@10": 0.007334398863434559
  },
  "files": {
    "val_recs": "/Users/sondresolhoy/Documents/GitHub/INFO345/Greger/out/hybrid_cbf_only/val_recs_hybrid.csv",
    "test_recs": "/Users/sondresolhoy/Documents/GitHub/INFO345/Greger/out/hybrid_cbf_only/test_recs_hybrid.csv"
  }
}