{
  "model": "item-kNN sklearn cosine",
  "params": {
    "neighbors": 200,
    "k_top": 10
  },
  "topk": {
    "val": {
      "users_evaluated": 63947,
      "precision@10": 0.06730104617886687,
      "recall@10": 0.6730104617886687,
      "ndcg@10": 0.557121765277888,
      "hit_rate@10": 0.6730104617886687
    },
    "test": {
      "users_evaluated": 64499,
      "precision@10": 0.06657002434146266,
      "recall@10": 0.6657002434146266,
      "ndcg@10": 0.5524486026784754,
      "hit_rate@10": 0.6657002434146266
    }
  },
  "files": {
    "val_recs": "/Users/gregersyvertsen/Documents/GitHub/INFO345/out/cf_sklearn/val_recs_knn_sklearn.csv",
    "test_recs": "/Users/gregersyvertsen/Documents/GitHub/INFO345/out/cf_sklearn/test_recs_knn_sklearn.csv"
  }
}