{
  "model": "Hybrid late-fusion (z-norm)",
  "weights": {
    "w_cf": 1.0,
    "w_cbf": 0.0,
    "w_pop": 0.0
  },
  "k_top": 10,
  "threshold": 4.0,
  "val": {
    "users_evaluated": 56442,
    "precision@10": 0.00018071648772190923,
    "recall@10": 0.001807164877219092,
    "ndcg@10": 0.000575970799011607,
    "hit_rate@10": 0.001807164877219092
  },
  "test": {
    "users_evaluated": 56310,
    "precision@10": 0.00021843367075119872,
    "recall@10": 0.002184336707511987,
    "ndcg@10": 0.0007316066249726578,
    "hit_rate@10": 0.002184336707511987
  },
  "files": {
    "val_recs": "/Users/sondresolhoy/Documents/GitHub/INFO345/Greger/out/hybrid_cf_only/val_recs_hybrid.csv",
    "test_recs": "/Users/sondresolhoy/Documents/GitHub/INFO345/Greger/out/hybrid_cf_only/test_recs_hybrid.csv"
  }
}