{
  "model": "Hybrid late-fusion (z-norm)",
  "weights": {
    "w_cf": 0.5,
    "w_cbf": 0.5,
    "w_pop": 0.0
  },
  "k_top": 10,
  "threshold": 4.0,
  "val": {
    "users_evaluated": 63947,
    "precision@10": 0.06705396656606251,
    "recall@10": 0.6705396656606252,
    "ndcg@10": 0.5465483115228832,
    "hit_rate@10": 0.6705396656606252
  },
  "test": {
    "users_evaluated": 64499,
    "precision@10": 0.06648010046667391,
    "recall@10": 0.664801004666739,
    "ndcg@10": 0.5410089269237323,
    "hit_rate@10": 0.664801004666739
  },
  "files": {
    "val_recs": "/Users/gregersyvertsen/Documents/GitHub/INFO345/out/hybrid/val_recs_hybrid.csv",
    "test_recs": "/Users/gregersyvertsen/Documents/GitHub/INFO345/out/hybrid/test_recs_hybrid.csv"
  }
}