{
  "topk": {
    "val": {
      "K=10": {
        "popularity": {
          "users_evaluated": 56442,
          "precision@10": 0.0062099146026009,
          "recall@10": 0.062099146026009,
          "ndcg@10": 0.04471737988512431,
          "hit_rate@10": 0.062099146026009
        },
        "random": {
          "users_evaluated": 56442,
          "precision@10": 4.074979625101875e-05,
          "recall@10": 0.00040749796251018743,
          "ndcg@10": 0.00019628891990301113,
          "hit_rate@10": 0.00040749796251018743
        }
      }
    },
    "test": {
      "K=10": {
        "popularity": {
          "users_evaluated": 56310,
          "precision@10": 0.006231575208666311,
          "recall@10": 0.062315752086663116,
          "ndcg@10": 0.04506706000617766,
          "hit_rate@10": 0.062315752086663116,
          "catalog_coverage": 0.0015099374956106467,
          "novelty_percentile": 0.9998297878842592
        },
        "random": {
          "users_evaluated": 56310,
          "precision@10": 3.0190019534718523e-05,
          "recall@10": 0.0003019001953471852,
          "ndcg@10": 0.00013582947993708456,
          "hit_rate@10": 0.0003019001953471852
        }
      }
    }
  },
  "rating": {
    "val": {
      "global_rmse": 1.1624330246420254,
      "global_mae": 0.9123494344722564,
      "user_rmse": 0.778387859604725,
      "user_mae": 0.40351409999898785,
      "item_rmse": 1.1179016086448992,
      "item_mae": 0.8367251887085206
    },
    "test": {
      "global_rmse": 1.165319271194635,
      "global_mae": 0.9149678645720491,
      "user_rmse": 0.7790322211437809,
      "user_mae": 0.40428706628105543,
      "item_rmse": 1.1202028957176373,
      "item_mae": 0.8378087999463208
    }
  }
}