{
  "topk": {
    "val": {
      "K=10": {
        "popularity": {
          "users_evaluated": 752,
          "precision@10": 0.0,
          "recall@10": 0.0,
          "ndcg@10": 0.0,
          "hit_rate@10": 0.0
        },
        "random": {
          "users_evaluated": 752,
          "precision@10": 0.0,
          "recall@10": 0.0,
          "ndcg@10": 0.0,
          "hit_rate@10": 0.0
        }
      }
    },
    "test": {
      "K=10": {
        "popularity": {
          "users_evaluated": 758,
          "precision@10": 0.00079155672823219,
          "recall@10": 0.0079155672823219,
          "ndcg@10": 0.003806038311028579,
          "hit_rate@10": 0.0079155672823219,
          "catalog_coverage": 0.0005728288196543932,
          "novelty_percentile": 0.9999236258219156
        },
        "random": {
          "users_evaluated": 758,
          "precision@10": 0.00013192612137203166,
          "recall@10": 0.0013192612137203166,
          "ndcg@10": 0.0003813520136119893,
          "hit_rate@10": 0.0013192612137203166
        }
      }
    }
  },
  "rating": {
    "val": {
      "global_rmse": 1.170984315338111,
      "global_mae": 0.9191345601375737,
      "user_rmse": 0.6997733167347012,
      "user_mae": 0.3826875977645871,
      "item_rmse": 1.0643143381299425,
      "item_mae": 0.786133164760642
    },
    "test": {
      "global_rmse": 1.169976923446812,
      "global_mae": 0.9194692115285013,
      "user_rmse": 0.834192647601462,
      "user_mae": 0.45882822795643546,
      "item_rmse": 1.1358526401743196,
      "item_mae": 0.8461604926507925
    }
  }
}