{
  "topk": {
    "val": {
      "K=10": {
        "popularity": {
          "users_evaluated": 63947,
          "precision@10": 0.005465463587033012,
          "recall@10": 0.05465463587033012,
          "ndcg@10": 0.03953267768505406,
          "hit_rate@10": 0.05465463587033012
        },
        "random": {
          "users_evaluated": 63947,
          "precision@10": 1.5637950177490735e-05,
          "recall@10": 0.00015637950177490735,
          "ndcg@10": 7.077948359918894e-05,
          "hit_rate@10": 0.00015637950177490735
        }
      }
    },
    "test": {
      "K=10": {
        "popularity": {
          "users_evaluated": 64499,
          "precision@10": 0.005496209243554163,
          "recall@10": 0.054962092435541635,
          "ndcg@10": 0.03954376902102334,
          "hit_rate@10": 0.054962092435541635,
          "catalog_coverage": 0.0006683002895967921,
          "novelty_percentile": 0.9999234795719936
        },
        "random": {
          "users_evaluated": 64499,
          "precision@10": 1.5504116342889037e-05,
          "recall@10": 0.00015504116342889037,
          "ndcg@10": 5.5672439330114475e-05,
          "hit_rate@10": 0.00015504116342889037
        }
      }
    }
  },
  "rating": {
    "val": {
      "global_rmse": 1.1658244318220536,
      "global_mae": 0.9160362382667805,
      "user_rmse": 0.8415154589281171,
      "user_mae": 0.45595893065417376,
      "item_rmse": 1.1386541932034804,
      "item_mae": 0.8443982340504231
    },
    "test": {
      "global_rmse": 1.1685754529826529,
      "global_mae": 0.9177102660312599,
      "user_rmse": 0.8479556519420306,
      "user_mae": 0.4593028589990118,
      "item_rmse": 1.140118765334268,
      "item_mae": 0.8468945881497878
    }
  }
}