{
  "model": "Hybrid late-fusion (z-norm)",
  "weights": {
    "w_cf": 0.7,
    "w_cbf": 0.3,
    "w_pop": 0.0
  },
  "k_top": 10,
  "threshold": 3.0,
  "val": {
    "users_evaluated": 62822,
    "precision@10": 0.000659004807233135,
    "recall@10": 0.006590048072331349,
    "ndcg@10": 0.0033956575644159123,
    "hit_rate@10": 0.006590048072331349
  },
  "test": {
    "users_evaluated": 62768,
    "precision@10": 0.0006659444302829468,
    "recall@10": 0.006659444302829467,
    "ndcg@10": 0.0034233859495637078,
    "hit_rate@10": 0.006659444302829467
  },
  "files": {
    "val_recs": "/Users/sondresolhoy/Documents/GitHub/INFO345/Greger/out/hybrid_full_07_03_00/val_recs_hybrid.csv",
    "test_recs": "/Users/sondresolhoy/Documents/GitHub/INFO345/Greger/out/hybrid_full_07_03_00/test_recs_hybrid.csv"
  }
}