{
  "model": "CBF TF-IDF",
  "params": {
    "k_top": 10,
    "threshold": 4.0,
    "min_df": 2,
    "max_features": 100000,
    "ngram_max": 2,
    "stop_words": "english",
    "cand_pool": 0,
    "limit_users_val": null,
    "limit_users_test": null
  },
  "topk": {
    "val": {
      "users_evaluated": 55970,
      "precision@10": 0.05256387350366268,
      "recall@10": 0.5256387350366267,
      "ndcg@10": 0.4118419860502735,
      "hit_rate@10": 0.5256387350366267
    },
    "test": {
      "users_evaluated": 55825,
      "precision@10": 0.05250156739811911,
      "recall@10": 0.5250156739811912,
      "ndcg@10": 0.4118134264010477,
      "hit_rate@10": 0.5250156739811912
    }
  },
  "files": {
    "val_recs": "/Users/sondresolhoy/Documents/GitHub/INFO345/out/cbf/val_recs_cbf.csv",
    "test_recs": "/Users/sondresolhoy/Documents/GitHub/INFO345/out/cbf/test_recs_cbf.csv"
  }
}