{
  "model": "CBF TF-IDF",
  "params": {
    "k_top": 10,
    "threshold": 4.0,
    "min_df": 2,
    "max_features": 100000,
    "ngram_max": 2,
    "stop_words": "english",
    "cand_pool": 0,
    "limit_users_val": null,
    "limit_users_test": null
  },
  "topk": {
    "val": {
      "users_evaluated": 63277,
      "precision@10": 0.047287323988178954,
      "recall@10": 0.4728732398817896,
      "ndcg@10": 0.37071031102317226,
      "hit_rate@10": 0.4728732398817896
    },
    "test": {
      "users_evaluated": 63729,
      "precision@10": 0.046955075397385804,
      "recall@10": 0.46955075397385804,
      "ndcg@10": 0.3660066368689438,
      "hit_rate@10": 0.46955075397385804
    }
  },
  "files": {
    "val_recs": "/Users/gregersyvertsen/Documents/GitHub/INFO345/out/cbf/val_recs_cbf.csv",
    "test_recs": "/Users/gregersyvertsen/Documents/GitHub/INFO345/out/cbf/test_recs_cbf.csv"
  }
}