{
  "model": "CBF TF-IDF",
  "params": {
    "k_top": 10,
    "threshold": 4.0,
    "min_df": 2,
    "max_features": 100000,
    "ngram_max": 2,
    "stop_words": "english",
    "cand_pool": 0,
    "limit_users_val": null,
    "limit_users_test": null
  },
  "topk": {
    "val": {
      "users_evaluated": 56030,
      "precision@10": 0.05257362127431733,
      "recall@10": 0.5257362127431733,
      "ndcg@10": 0.41084318720249924,
      "hit_rate@10": 0.5257362127431733
    },
    "test": {
      "users_evaluated": 55884,
      "precision@10": 0.05249266337413213,
      "recall@10": 0.5249266337413213,
      "ndcg@10": 0.41199110225137014,
      "hit_rate@10": 0.5249266337413213
    }
  },
  "files": {
    "val_recs": "/Users/gregersyvertsen/Documents/GitHub/INFO345/out/cbf/val_recs_cbf.csv",
    "test_recs": "/Users/gregersyvertsen/Documents/GitHub/INFO345/out/cbf/test_recs_cbf.csv"
  }
}